{"0":{"0.1":-0.0000603067,"0.2":-0.0000599032,"0.30000000000000004":-0.0000594594,"0.4":-0.0000589331,"0.5":-0.0000583473,"0.6":-0.0000576364,"0.7000000000000001":-0.0000568229,"0.8":-0.000055861,"0.9":-0.0000547186,"1.0":-0.0000533369,"1.1":-0.0000517427,"1.2000000000000002":-0.0000499068,"1.3000000000000003":-0.0000478577,"1.4000000000000001":-0.0000456172,"1.5000000000000002":-0.0000432078,"1.6":-0.0000406149,"1.7000000000000002":-0.0000378934,"1.8000000000000003":-0.0000349879,"1.9000000000000001":-0.0000319735,"2.0":-0.0000287379,"2.1":-0.0000252035,"2.2":-0.0000211876,"2.3000000000000003":-0.000016264,"2.4000000000000004":-0.0000098375, "2.43":0}}