{"0":{"0.1":-0.0006195919,"0.15000000000000002":-0.0006172732,"0.20000000000000004":-0.0006145868,"0.25000000000000006":-0.0006118456,"0.30000000000000004":-0.0006089183,"0.3500000000000001":-0.0006059299,"0.40000000000000013":-0.0006028753,"0.45000000000000007":-0.0005997899,"0.5000000000000001":-0.0005965311,"0.5500000000000002":-0.0005936992,"0.6000000000000002":-0.0005893902,"0.6500000000000001":-0.0005852698,"0.7000000000000002":-0.000580857,"0.7500000000000002":-0.0005763936,"0.8000000000000002":-0.0005716027,"0.8500000000000002":-0.0005667437,"0.9000000000000002":-0.0005615462,"0.9500000000000003":-0.000556136,"1.0000000000000004":-0.0005506391,"1.0500000000000003":-0.0005444766,"1.1000000000000005":-0.0005380133,"1.1500000000000004":-0.0005309791,"1.2000000000000004":-0.0005236698,"1.2500000000000004":-0.0005157916,"1.3000000000000005":-0.0005072493,"1.3500000000000005":-0.0004982309,"1.4000000000000006":-0.000488272,"1.4500000000000006":-0.0004776644,"1.5000000000000004":-0.0004664538,"1.5500000000000005":-0.0004541911,"1.6000000000000005":-0.0004411593,"1.6500000000000006":-0.0004276673,"1.7000000000000006":-0.0004131598,"1.7500000000000007":-0.0003979729,"1.8000000000000007":-0.0003823607,"1.8500000000000008":-0.0003661429,"1.9000000000000008":-0.0003493889,"1.9500000000000006":-0.000332305,"2.0000000000000004":-0.0003149185,"2.0500000000000007":-0.0002973429,"2.100000000000001":-0.0002794254,"2.150000000000001":-0.0002613215,"2.2000000000000006":-0.0002431534,"2.250000000000001":-0.0002247627,"2.3000000000000007":-0.000206384,"2.350000000000001":-0.000188123,"2.400000000000001":-0.0001696205,"2.450000000000001":-0.0001512435,"2.500000000000001":-0.0001328995,"2.5500000000000007":-0.0001146118,"2.600000000000001":-0.0000964091,"2.650000000000001":-0.0000783909,"2.700000000000001":-0.0000606192,"2.750000000000001":-0.0000433004,"2.783573":0.0}}