{"0":{"0.1":-0.0000413009,"0.2":-0.0000410273,"0.30000000000000004":-0.0000407414,"0.4":-0.0000404118,"0.5":-0.0000400531,"0.6":-0.0000396309,"0.7000000000000001":-0.0000391564,"0.8":-0.0000385933,"0.9":-0.0000379319,"1.0":-0.000037133,"1.1":-0.0000361816,"1.2000000000000002":-0.0000351038,"1.3000000000000003":-0.0000338671,"1.4000000000000001":-0.0000324912,"1.5000000000000002":-0.0000309895,"1.6":-0.0000293236,"1.7000000000000002":-0.0000275466,"1.8000000000000003":-0.0000256239,"1.9000000000000001":-0.0000235621,"2.0":-0.0000212633,"2.1":-0.0000186891,"2.2":-0.0000155554,"2.3000000000000003":-0.0000114888,"2.4000000000000004":-0.0000059013, "2.42":0}}