{"0":{"0.1":-0.001152923,"0.2":-0.001143183,"0.30000000000000004":-0.001132489,"0.4":-0.001120339,"0.5":-0.001107092,"0.6":-0.001092003,"0.7000000000000001":-0.001076421,"0.8":-0.001058283,"0.9":-0.001037925,"1.0":-0.001015302,"1.1":-0.0009892635,"1.2000000000000002":-0.0009591831,"1.3000000000000003":-0.0009240818,"1.4000000000000001":-0.000883722,"1.5000000000000002":-0.0008379224,"1.6":-0.0007873313,"1.7000000000000002":-0.0007327764,"1.8000000000000003":-0.0006747965,"1.9000000000000001":-0.0006146319,"2.0":-0.0005531289,"2.1":-0.0004910926,"2.2":-0.000429197,"2.3000000000000003":-0.0003682866,"2.4000000000000004":-0.000308922,"2.5000000000000004":-0.0002521253,"2.6":-0.0001982798,"2.7":-0.0001479394,"2.8000000000000003":-0.0001012306,"2.9000000000000004":-0.0000582342,"3.0000000000000004":-0.0000185289,"3.054182":0}}