{"0":{"0.1":-0.0000189267,"0.2":-0.0000217414,"0.30000000000000004":-0.0000215731,"0.4":-0.0000214497,"0.5":-0.0000213204,"0.6":-0.0000211591,"0.7000000000000001":-0.0000210608,"0.8":-0.0000208546,"0.9":-0.0000205955,"1.0":-0.0000203574,"1.1":-0.0000201093,"1.2000000000000002":-0.0000197809,"1.3000000000000003":-0.0000193931,"1.4000000000000001":-0.0000189314,"1.5000000000000002":-0.0000183916,"1.6":-0.0000177523,"1.7000000000000002":-0.0000169918,"1.8000000000000003":-0.0000160957,"1.9000000000000001":-0.0000150529,"2.0":-0.0000137352,"2.1":-0.0000120909,"2.2":-0.0000098299,"2.3000000000000003":-0.0000065622,"2.39":0}}