{"0":{"0.1":-0.0005621402,"0.2":-0.0005569707,"0.30000000000000004":-0.0005512165,"0.4":-0.0005446622,"0.5":-0.0005378741,"0.6":-0.0005300586,"0.7000000000000001":-0.0005218599,"0.8":-0.0005127561,"0.9":-0.0005026626,"1.0":-0.0004914419,"1.1":-0.0004785477,"1.2000000000000002":-0.000463809,"1.3000000000000003":-0.0004468627,"1.4000000000000001":-0.000427111,"1.5000000000000002":-0.0004049178,"1.6":-0.0003803222,"1.7000000000000002":-0.000353906,"1.8000000000000003":-0.0003258667,"1.9000000000000001":-0.000296775,"2.0":-0.0002669734,"2.1":-0.0002366368,"2.2":-0.0002061201,"2.3000000000000003":-0.0001754689,"2.4000000000000004":-0.0001446985,"2.5000000000000004":-0.0001137994,"2.6":-0.0000826621,"2.7":-0.0000517012, "2.765938":0}}