{"0":{"0.1":-0.0008891762,"0.15000000000000002":-0.0008863061,"0.20000000000000004":-0.0008831994,"0.25000000000000006":-0.0008797041,"0.30000000000000004":-0.0008765048,"0.3500000000000001":-0.0008721869,"0.40000000000000013":-0.0008682003,"0.45000000000000007":-0.000863826,"0.5000000000000001":-0.0008593675,"0.5500000000000002":-0.0008543466,"0.6000000000000002":-0.0008494906,"0.6500000000000001":-0.000843598,"0.7000000000000002":-0.000837928,"0.7500000000000002":-0.0008318535,"0.8000000000000002":-0.000825349,"0.8500000000000002":-0.0008185264,"0.9000000000000002":-0.0008115382,"0.9500000000000003":-0.0008037099,"1.0000000000000004":-0.0007953801,"1.0500000000000003":-0.0007867794,"1.1000000000000005":-0.0007776018,"1.1500000000000004":-0.00076767,"1.2000000000000004":-0.0007575155,"1.2500000000000004":-0.000746218,"1.3000000000000005":-0.0007338271,"1.3500000000000005":-0.0007208691,"1.4000000000000006":-0.0007068837,"1.4500000000000006":-0.0006916912,"1.5000000000000004":-0.0006754017,"1.5500000000000005":-0.0006578806,"1.6000000000000005":-0.0006392993,"1.6500000000000006":-0.0006196469,"1.7000000000000006":-0.0005990294,"1.7500000000000007":-0.0005772411,"1.8000000000000007":-0.0005548602,"1.8500000000000008":-0.0005317122,"1.9000000000000008":-0.0005076932,"1.9500000000000006":-0.0004833637,"2.0000000000000004":-0.000458482,"2.0500000000000007":-0.0004333897,"2.100000000000001":-0.0004078681,"2.150000000000001":-0.0003821325,"2.2000000000000006":-0.0003562555,"2.250000000000001":-0.0003305189,"2.3000000000000007":-0.0003050259,"2.350000000000001":-0.0002795202,"2.400000000000001":-0.0002542026,"2.450000000000001":-0.0002293127,"2.500000000000001":-0.0002048404,"2.5500000000000007":-0.0001807759,"2.600000000000001":-0.0001572837,"2.650000000000001":-0.0001344209,"2.700000000000001":-0.0001121865,"2.750000000000001":-0.000090432,"2.800000000000001":-0.0000695996,"2.850000000000001":-0.0000493852,"2.900000000000001":-0.0000299767,"2.950000000000001":-0.0000113735,"2.965884":0.0}}