{"0":{"0.1":-0.0007149585,"0.15000000000000002":-0.0007126505,"0.20000000000000004":-0.0007096188,"0.25000000000000006":-0.0007071153,"0.30000000000000004":-0.0007038292,"0.3500000000000001":-0.0007005845,"0.40000000000000013":-0.0006970266,"0.45000000000000007":-0.0006934507,"0.5000000000000001":-0.0006893212,"0.5500000000000002":-0.0006855455,"0.6000000000000002":-0.000681068,"0.6500000000000001":-0.0006766324,"0.7000000000000002":-0.0006715762,"0.7500000000000002":-0.0006666017,"0.8000000000000002":-0.000661524,"0.8500000000000002":-0.0006557305,"0.9000000000000002":-0.0006493833,"0.9500000000000003":-0.000643061,"1.0000000000000004":-0.0006366321,"1.0500000000000003":-0.000629451,"1.1000000000000005":-0.0006222734,"1.1500000000000004":-0.0006143631,"1.2000000000000004":-0.0006058851,"1.2500000000000004":-0.0005968864,"1.3000000000000005":-0.0005869415,"1.3500000000000005":-0.0005764328,"1.4000000000000006":-0.0005650407,"1.4500000000000006":-0.0005527566,"1.5000000000000004":-0.0005395861,"1.5500000000000005":-0.0005255694,"1.6000000000000005":-0.0005107957,"1.6500000000000006":-0.0004949537,"1.7000000000000006":-0.0004784723,"1.7500000000000007":-0.0004610133,"1.8000000000000007":-0.0004429843,"1.8500000000000008":-0.0004243347,"1.9000000000000008":-0.00040506,"1.9500000000000006":-0.0003855968,"2.0000000000000004":-0.0003655321,"2.0500000000000007":-0.0003452595,"2.100000000000001":-0.0003248149,"2.150000000000001":-0.0003041179,"2.2000000000000006":-0.0002834655,"2.250000000000001":-0.0002625687,"2.3000000000000007":-0.0002418129,"2.350000000000001":-0.0002211401,"2.400000000000001":-0.0002003035,"2.450000000000001":-0.0001798764,"2.500000000000001":-0.0001595027,"2.5500000000000007":-0.0001394664,"2.600000000000001":-0.0001195031,"2.650000000000001":-0.0000999544,"2.700000000000001":-0.0000807823,"2.750000000000001":-0.0000619853,"2.800000000000001":-0.0000438025,"2.850000000000001":-0.0000262592,"2.874492":0.0}}