{"0":{"0.1":-0.005369757,"0.2":-0.00536672,"0.30000000000000004":-0.00536454,"0.4":-0.005360498,"0.5":-0.005356694,"0.6":-0.005353558,"0.7000000000000001":-0.005347493,"0.8":-0.005331129,"0.9":-0.005261623,"1.0":-0.005101827,"1.1":-0.004675651,"1.2000000000000002":-0.00326447, "1.294434" : 0}}