{"0":{"0.1":-0.0001772694,"0.2":-0.0001771325,"0.30000000000000004":-0.0001767819,"0.4":-0.000175151,"0.5":-0.0001685463,"0.6":-0.0001567421,"0.7000000000000001":-0.0001425045,"0.8":-0.0001265046,"0.9":-0.0001090325,"1.0":-0.0000729182,"1.1":-0.0000138591,"1.119692":0}}