{"0":{"0.1":-0.002508376,"0.2":-0.002476006,"0.30000000000000004":-0.002436034,"0.4":-0.002390515,"0.5":-0.002341665,"0.6":-0.002288224,"0.7000000000000001":-0.002230854,"0.8":-0.002169619,"0.9":-0.002094156,"1.0":-0.001938677,"1.1":-0.001321645,"1.2000000000000002":-0.0002133008, "1.209471":0}}