{"0":{"0.1":-0.0000878748,"0.2":-0.00008783,"0.30000000000000004":-0.0000878364,"0.4":-0.0000877601,"0.5":-0.0000876175,"0.6":-0.00008748,"0.7000000000000001":-0.0000872372,"0.8":-0.0000853659,"0.9":-0.0000757847,"1.0":-0.0000517529,"1.1":-0.0000099283,"1.114607":0}}