{"0":{"0.1":-0.0002944355,"0.2":-0.0002938949,"0.30000000000000004":-0.0002899724,"0.4":-0.0002779504,"0.5":-0.0002592742,"0.6":-0.0002359725,"0.7000000000000001":-0.0002093898,"0.8":-0.0001810492,"0.9":-0.0001524263,"1.0":-0.0001199325,"1.1":-0.0000202186, "1.124573":0}}