{"0":{"0.1":-0.0001134915,"0.15000000000000002":-0.0001133452,"0.20000000000000004":-0.0001131811,"0.25000000000000006":-0.0001125541,"0.30000000000000004":-0.0001124882,"0.3500000000000001":-0.0001118431,"0.40000000000000013":-0.0001117732,"0.45000000000000007":-0.0001111071,"0.5000000000000001":-0.0001108509,"0.5500000000000002":-0.0001105283,"0.6000000000000002":-0.0001102984,"0.6500000000000001":-0.0001093952,"0.7000000000000002":-0.0001089225,"0.7500000000000002":-0.0001084724,"0.8000000000000002":-0.0001082505,"0.8500000000000002":-0.0001075734,"0.9000000000000002":-0.0001065853,"0.9500000000000003":-0.0001057643,"1.0000000000000004":-0.0001054167,"1.0500000000000003":-0.0001046441,"1.1000000000000005":-0.0001035378,"1.1500000000000004":-0.0001025666,"1.2000000000000004":-0.0001014131,"1.2500000000000004":-0.0001007446,"1.3000000000000005":-0.0000992798,"1.3500000000000005":-0.0000980378,"1.4000000000000006":-0.0000970188,"1.4500000000000006":-0.0000956377,"1.5000000000000004":-0.000094086,"1.5500000000000005":-0.0000921837,"1.6000000000000005":-0.0000906565,"1.6500000000000006":-0.0000884632,"1.7000000000000006":-0.0000862558,"1.7500000000000007":-0.0000840625,"1.8000000000000007":-0.0000814709,"1.8500000000000008":-0.0000785008,"1.9000000000000008":-0.0000753583,"1.9500000000000006":-0.0000718328,"2.0000000000000004":-0.0000674793,"2.0500000000000007":-0.0000628061,"2.100000000000001":-0.0000569871,"2.150000000000001":-0.0000501618,"2.2000000000000006":-0.0000418269,"2.250000000000001":-0.0000320217,"2.3000000000000007":-0.0000195382,"2.347721":0.0}}