{"0":{"0.1":-0.005654392,"0.15000000000000002":-0.005637782,"0.20000000000000004":-0.005621093,"0.25000000000000006":-0.005605268,"0.30000000000000004":-0.005586697,"0.3500000000000001":-0.005566998,"0.40000000000000013":-0.005544964,"0.45000000000000007":-0.0055236,"0.5000000000000001":-0.005501739,"0.5500000000000002":-0.00547617,"0.6000000000000002":-0.005445333,"0.6500000000000001":-0.005412331,"0.7000000000000002":-0.005380603,"0.7500000000000002":-0.005346143,"0.8000000000000002":-0.00530974,"0.8500000000000002":-0.005273603,"0.9000000000000002":-0.005235153,"0.9500000000000003":-0.005195247,"1.0000000000000004":-0.005152124,"1.0500000000000003":-0.005105211,"1.1000000000000005":-0.005060087,"1.1500000000000004":-0.005008281,"1.2000000000000004":-0.004952339,"1.2500000000000004":-0.004896228,"1.3000000000000005":-0.004834752,"1.3500000000000005":-0.004768882,"1.4000000000000006":-0.004701351,"1.4500000000000006":-0.004628675,"1.5000000000000004":-0.004550171,"1.5500000000000005":-0.004468198,"1.6000000000000005":-0.004380086,"1.6500000000000006":-0.004285329,"1.7000000000000006":-0.004187221,"1.7500000000000007":-0.004086602,"1.8000000000000007":-0.003978798,"1.8500000000000008":-0.003865982,"1.9000000000000008":-0.003748283,"1.9500000000000006":-0.003624741,"2.0000000000000004":-0.003495721,"2.0500000000000007":-0.003365219,"2.100000000000001":-0.003230261,"2.150000000000001":-0.003092185,"2.2000000000000006":-0.002948291,"2.250000000000001":-0.002801157,"2.3000000000000007":-0.002650379,"2.350000000000001":-0.002496103,"2.400000000000001":-0.002336536,"2.450000000000001":-0.002176247,"2.500000000000001":-0.002011131,"2.5500000000000007":-0.001843611,"2.600000000000001":-0.001673148,"2.650000000000001":-0.001500387,"2.700000000000001":-0.001324508,"2.750000000000001":-0.001146114,"2.800000000000001":-0.0009646885,"2.850000000000001":-0.0007808144,"2.900000000000001":-0.0005957684,"2.950000000000001":-0.0004098197,"3.000000000000001":-0.0002237703,"3.050000000000001":-0.0000425561,"3.057006":0.0}}