{"0":{"0.1":-0.006303432,"0.15000000000000002":-0.006296173,"0.20000000000000004":-0.006285198,"0.25000000000000006":-0.006270912,"0.30000000000000004":-0.006251191,"0.3500000000000001":-0.006227966,"0.40000000000000013":-0.006200405,"0.45000000000000007":-0.006172545,"0.5000000000000001":-0.006146879,"0.5500000000000002":-0.006124197,"0.6000000000000002":-0.006101622,"0.6500000000000001":-0.006075818,"0.7000000000000002":-0.006047293,"0.7500000000000002":-0.006016579,"0.8000000000000002":-0.005979836,"0.8500000000000002":-0.005939582,"0.9000000000000002":-0.005896543,"0.9500000000000003":-0.00584845,"1.0000000000000004":-0.005800009,"1.0500000000000003":-0.005749191,"1.1000000000000005":-0.005696561,"1.1500000000000004":-0.005644404,"1.2000000000000004":-0.005587809,"1.2500000000000004":-0.005525738,"1.3000000000000005":-0.005460387,"1.3500000000000005":-0.005387293,"1.4000000000000006":-0.005309872,"1.4500000000000006":-0.005225297,"1.5000000000000004":-0.005137605,"1.5500000000000005":-0.005043664,"1.6000000000000005":-0.004946436,"1.6500000000000006":-0.004840421,"1.7000000000000006":-0.004733474,"1.7500000000000007":-0.004617162,"1.8000000000000007":-0.004494324,"1.8500000000000008":-0.004368244,"1.9000000000000008":-0.004234981,"1.9500000000000006":-0.004096723,"2.0000000000000004":-0.00395203,"2.0500000000000007":-0.00380285,"2.100000000000001":-0.003650025,"2.150000000000001":-0.00349218,"2.2000000000000006":-0.003330565,"2.250000000000001":-0.003162428,"2.3000000000000007":-0.002992429,"2.350000000000001":-0.00281769,"2.400000000000001":-0.002638928,"2.450000000000001":-0.002458441,"2.500000000000001":-0.002274092,"2.5500000000000007":-0.002087746,"2.600000000000001":-0.001898931,"2.650000000000001":-0.001708706,"2.700000000000001":-0.001516883,"2.750000000000001":-0.001323893,"2.800000000000001":-0.001130746,"2.850000000000001":-0.0009368497,"2.900000000000001":-0.0007434492,"2.950000000000001":-0.0005508009,"3.000000000000001":-0.0003583567,"3.050000000000001":-0.0001670759,"3.094689":0.0}}