{"0":{"0.1":-0.004625242,"0.15000000000000002":-0.004611154,"0.20000000000000004":-0.004594048,"0.25000000000000006":-0.004579107,"0.30000000000000004":-0.004559983,"0.3500000000000001":-0.00454247,"0.40000000000000013":-0.004522553,"0.45000000000000007":-0.004500058,"0.5000000000000001":-0.004477043,"0.5500000000000002":-0.00445177,"0.6000000000000002":-0.004424897,"0.6500000000000001":-0.004398464,"0.7000000000000002":-0.004371606,"0.7500000000000002":-0.004341392,"0.8000000000000002":-0.004310604,"0.8500000000000002":-0.004277921,"0.9000000000000002":-0.004245144,"0.9500000000000003":-0.004211626,"1.0000000000000004":-0.004175163,"1.0500000000000003":-0.004138332,"1.1000000000000005":-0.004096717,"1.1500000000000004":-0.00405543,"1.2000000000000004":-0.004009388,"1.2500000000000004":-0.003962714,"1.3000000000000005":-0.003911814,"1.3500000000000005":-0.003858268,"1.4000000000000006":-0.003801872,"1.4500000000000006":-0.003740943,"1.5000000000000004":-0.003678213,"1.5500000000000005":-0.00361056,"1.6000000000000005":-0.003537362,"1.6500000000000006":-0.003461165,"1.7000000000000006":-0.003380935,"1.7500000000000007":-0.003298301,"1.8000000000000007":-0.003209202,"1.8500000000000008":-0.003117476,"1.9000000000000008":-0.00302083,"1.9500000000000006":-0.002921393,"2.0000000000000004":-0.002818309,"2.0500000000000007":-0.002711804,"2.100000000000001":-0.002599202,"2.150000000000001":-0.002484417,"2.2000000000000006":-0.002365539,"2.250000000000001":-0.002242404,"2.3000000000000007":-0.002115528,"2.350000000000001":-0.001985816,"2.400000000000001":-0.001850343,"2.450000000000001":-0.001712117,"2.500000000000001":-0.001568186,"2.5500000000000007":-0.001421074,"2.600000000000001":-0.00126976,"2.650000000000001":-0.001118634,"2.700000000000001":-0.000966266,"2.750000000000001":-0.0008134703,"2.800000000000001":-0.000659281,"2.850000000000001":-0.0005029867,"2.900000000000001":-0.0003447884,"2.950000000000001":-0.0001857096,"2.95917":0.0}}