{"0":{"0.1":-0.003225537,"0.15000000000000002":-0.003213311,"0.20000000000000004":-0.003200799,"0.25000000000000006":-0.003188206,"0.30000000000000004":-0.003175388,"0.3500000000000001":-0.003158976,"0.40000000000000013":-0.003143261,"0.45000000000000007":-0.003126841,"0.5000000000000001":-0.003110985,"0.5500000000000002":-0.003093087,"0.6000000000000002":-0.003074902,"0.6500000000000001":-0.003057189,"0.7000000000000002":-0.003036504,"0.7500000000000002":-0.003015639,"0.8000000000000002":-0.002995177,"0.8500000000000002":-0.002973165,"0.9000000000000002":-0.00294868,"0.9500000000000003":-0.002925592,"1.0000000000000004":-0.0029002,"1.0500000000000003":-0.002872664,"1.1000000000000005":-0.002844909,"1.1500000000000004":-0.002815306,"1.2000000000000004":-0.002782889,"1.2500000000000004":-0.002749551,"1.3000000000000005":-0.002713592,"1.3500000000000005":-0.002675442,"1.4000000000000006":-0.002635301,"1.4500000000000006":-0.00259156,"1.5000000000000004":-0.002546182,"1.5500000000000005":-0.002497289,"1.6000000000000005":-0.002446184,"1.6500000000000006":-0.002392119,"1.7000000000000006":-0.00233582,"1.7500000000000007":-0.002275383,"1.8000000000000007":-0.002213588,"1.8500000000000008":-0.002148037,"1.9000000000000008":-0.002079434,"1.9500000000000006":-0.002007791,"2.0000000000000004":-0.001933081,"2.0500000000000007":-0.001854531,"2.100000000000001":-0.001774245,"2.150000000000001":-0.001688365,"2.2000000000000006":-0.001600101,"2.250000000000001":-0.001507548,"2.3000000000000007":-0.001410868,"2.350000000000001":-0.001310065,"2.400000000000001":-0.001203585,"2.450000000000001":-0.001097894,"2.500000000000001":-0.0009960032,"2.5500000000000007":-0.0008922759,"2.600000000000001":-0.0007856084,"2.650000000000001":-0.000673789,"2.700000000000001":-0.0005583685,"2.750000000000001":-0.0004382064,"2.795948":0.0}}