{"0":{"0.1":-0.004020077,"0.15000000000000002":-0.004004463,"0.20000000000000004":-0.003990745,"0.25000000000000006":-0.003975342,"0.30000000000000004":-0.00396092,"0.3500000000000001":-0.003943755,"0.40000000000000013":-0.003927057,"0.45000000000000007":-0.003907305,"0.5000000000000001":-0.003884729,"0.5500000000000002":-0.003863063,"0.6000000000000002":-0.003841311,"0.6500000000000001":-0.003816817,"0.7000000000000002":-0.003791022,"0.7500000000000002":-0.00376561,"0.8000000000000002":-0.003739846,"0.8500000000000002":-0.003713286,"0.9000000000000002":-0.003684423,"0.9500000000000003":-0.003654442,"1.0000000000000004":-0.003622308,"1.0500000000000003":-0.003589098,"1.1000000000000005":-0.003553685,"1.1500000000000004":-0.003514711,"1.2000000000000004":-0.003476717,"1.2500000000000004":-0.00343647,"1.3000000000000005":-0.003392161,"1.3500000000000005":-0.003346246,"1.4000000000000006":-0.003295813,"1.4500000000000006":-0.003241433,"1.5000000000000004":-0.003185628,"1.5500000000000005":-0.003125956,"1.6000000000000005":-0.003063024,"1.6500000000000006":-0.00299622,"1.7000000000000006":-0.002926361,"1.7500000000000007":-0.002852501,"1.8000000000000007":-0.002775025,"1.8500000000000008":-0.002694754,"1.9000000000000008":-0.002611259,"1.9500000000000006":-0.002522657,"2.0000000000000004":-0.002431779,"2.0500000000000007":-0.002336111,"2.100000000000001":-0.002236922,"2.150000000000001":-0.00213452,"2.2000000000000006":-0.002028389,"2.250000000000001":-0.00191873,"2.3000000000000007":-0.001804776,"2.350000000000001":-0.001686398,"2.400000000000001":-0.001562762,"2.450000000000001":-0.001435685,"2.500000000000001":-0.001305992,"2.5500000000000007":-0.001177485,"2.600000000000001":-0.001048769,"2.650000000000001":-0.0009179232,"2.700000000000001":-0.0007841307,"2.750000000000001":-0.000646618,"2.800000000000001":-0.0005063661,"2.850000000000001":-0.0003624665,"2.890229":0.0}}