{"0":{"0.1":-0.000372278,"0.15000000000000002":-0.0003732828,"0.20000000000000004":-0.0003720045,"0.25000000000000006":-0.0003704647,"0.30000000000000004":-0.0003686232,"0.3500000000000001":-0.0003666378,"0.40000000000000013":-0.0003643298,"0.45000000000000007":-0.0003615656,"0.5000000000000001":-0.0003589566,"0.5500000000000002":-0.0003560908,"0.6000000000000002":-0.0003526926,"0.6500000000000001":-0.0003499463,"0.7000000000000002":-0.000345437,"0.7500000000000002":-0.0003421257,"0.8000000000000002":-0.0003390981,"0.8500000000000002":-0.0003351431,"0.9000000000000002":-0.0003312324,"0.9500000000000003":-0.0003269833,"1.0000000000000004":-0.0003223343,"1.0500000000000003":-0.0003179527,"1.1000000000000005":-0.0003131345,"1.1500000000000004":-0.0003081663,"1.2000000000000004":-0.0003030721,"1.2500000000000004":-0.0002977462,"1.3000000000000005":-0.000292153,"1.3500000000000005":-0.0002864212,"1.4000000000000006":-0.0002803462,"1.4500000000000006":-0.000274279,"1.5000000000000004":-0.0002678148,"1.5500000000000005":-0.0002614007,"1.6000000000000005":-0.0002546356,"1.6500000000000006":-0.0002477397,"1.7000000000000006":-0.000240344,"1.7500000000000007":-0.000232692,"1.8000000000000007":-0.0002247453,"1.8500000000000008":-0.0002163515,"1.9000000000000008":-0.0002075246,"1.9500000000000006":-0.0001980711,"2.0000000000000004":-0.0001879264,"2.0500000000000007":-0.0001767728,"2.100000000000001":-0.0001646571,"2.150000000000001":-0.0001508553,"2.2000000000000006":-0.0001356335,"2.250000000000001":-0.0001172248,"2.3000000000000007":-0.0000964937,"2.350000000000001":-0.0000730171,"2.400000000000001":-0.0000494306,"2.412917":0.0}}