{"0":{"0.1":-0.0002147357,"0.15000000000000002":-0.0002138886,"0.20000000000000004":-0.0002130426,"0.25000000000000006":-0.0002121238,"0.30000000000000004":-0.000210968,"0.3500000000000001":-0.0002099415,"0.40000000000000013":-0.0002088795,"0.45000000000000007":-0.0002076941,"0.5000000000000001":-0.0002065069,"0.5500000000000002":-0.0002052595,"0.6000000000000002":-0.0002038917,"0.6500000000000001":-0.0002024251,"0.7000000000000002":-0.0002009169,"0.7500000000000002":-0.0001992652,"0.8000000000000002":-0.0001975295,"0.8500000000000002":-0.0001957168,"0.9000000000000002":-0.000193746,"0.9500000000000003":-0.0001917146,"1.0000000000000004":-0.0001895733,"1.0500000000000003":-0.0001872888,"1.1000000000000005":-0.0001849236,"1.1500000000000004":-0.0001823576,"1.2000000000000004":-0.0001796321,"1.2500000000000004":-0.0001768991,"1.3000000000000005":-0.0001740197,"1.3500000000000005":-0.0001710456,"1.4000000000000006":-0.0001679211,"1.4500000000000006":-0.0001646354,"1.5000000000000004":-0.000161191,"1.5500000000000005":-0.0001576479,"1.6000000000000005":-0.0001539063,"1.6500000000000006":-0.0001499755,"1.7000000000000006":-0.0001458612,"1.7500000000000007":-0.0001414397,"1.8000000000000007":-0.0001366862,"1.8500000000000008":-0.0001318267,"1.9000000000000008":-0.00012645,"1.9500000000000006":-0.000120603,"2.0000000000000004":-0.0001140673,"2.0500000000000007":-0.000106821,"2.100000000000001":-0.0000985786,"2.150000000000001":-0.0000890659,"2.2000000000000006":-0.0000779524,"2.250000000000001":-0.0000648172,"2.3000000000000007":-0.0000493135,"2.350000000000001":-0.0000313591,"2.390106":0.0}}