{"0":{"0.1":-0.0003557946,"0.15000000000000002":-0.000355612,"0.20000000000000004":-0.0003554393,"0.25000000000000006":-0.0003552361,"0.30000000000000004":-0.0003548721,"0.3500000000000001":-0.0003547786,"0.40000000000000013":-0.0003544271,"0.45000000000000007":-0.0003541874,"0.5000000000000001":-0.0003539009,"0.5500000000000002":-0.0003535647,"0.6000000000000002":-0.000353189,"0.6500000000000001":-0.0003528434,"0.7000000000000002":-0.0003524997,"0.7500000000000002":-0.0003522938,"0.8000000000000002":-0.0003520684,"0.8500000000000002":-0.0003518137,"0.9000000000000002":-0.0003513646,"0.9500000000000003":-0.0003509516,"1.0000000000000004":-0.0003505512,"1.0500000000000003":-0.0003503059,"1.1000000000000005":-0.0003499391,"1.1500000000000004":-0.0003495454,"1.2000000000000004":-0.0003491033,"1.2500000000000004":-0.0003487265,"1.3000000000000005":-0.0003483387,"1.3500000000000005":-0.0003478028,"1.4000000000000006":-0.0003473184,"1.4500000000000006":-0.0003467698,"1.5000000000000004":-0.000346105,"1.5500000000000005":-0.0003455247,"1.6000000000000005":-0.0003447979,"1.6500000000000006":-0.0003437693,"1.7000000000000006":-0.0003428352,"1.7500000000000007":-0.0003416417,"1.8000000000000007":-0.0003403933,"1.8500000000000008":-0.0003387934,"1.9000000000000008":-0.0003371152,"1.9500000000000006":-0.0003352705,"2.0000000000000004":-0.0003331329,"2.0500000000000007":-0.0003306367,"2.100000000000001":-0.000327989,"2.150000000000001":-0.000324823,"2.2000000000000006":-0.0003215142,"2.250000000000001":-0.000317969,"2.3000000000000007":-0.0003139781,"2.350000000000001":-0.0003096148,"2.400000000000001":-0.0003048889,"2.450000000000001":-0.0002998911,"2.500000000000001":-0.0002946758,"2.5500000000000007":-0.000288734,"2.600000000000001":-0.0002826206,"2.650000000000001":-0.000276111,"2.700000000000001":-0.0002690919,"2.750000000000001":-0.0002614516,"2.800000000000001":-0.0002535429,"2.850000000000001":-0.0002448765,"2.900000000000001":-0.0002357167,"2.950000000000001":-0.0002261228,"3.000000000000001":-0.0002158017,"3.050000000000001":-0.0002046472,"3.100000000000001":-0.0001929072,"3.1500000000000012":-0.0001803469,"3.200000000000001":-0.0001668566,"3.2500000000000013":-0.0001526906,"3.300000000000001":-0.0001373547,"3.350000000000001":-0.0001211489,"3.4000000000000012":-0.000103615,"3.450000000000001":-0.0000846913,"3.5000000000000013":-0.0000645209,"3.511856":0.0}}