{"0":{"0.1":-0.0002078949,"0.15000000000000002":-0.0002078768,"0.20000000000000004":-0.0002077779,"0.25000000000000006":-0.0002076604,"0.30000000000000004":-0.0002075274,"0.3500000000000001":-0.000207428,"0.40000000000000013":-0.0002072771,"0.45000000000000007":-0.0002071934,"0.5000000000000001":-0.0002070848,"0.5500000000000002":-0.0002069394,"0.6000000000000002":-0.000206877,"0.6500000000000001":-0.000206603,"0.7000000000000002":-0.0002065226,"0.7500000000000002":-0.0002062984,"0.8000000000000002":-0.000206154,"0.8500000000000002":-0.0002059483,"0.9000000000000002":-0.0002057424,"0.9500000000000003":-0.0002054915,"1.0000000000000004":-0.0002051715,"1.0500000000000003":-0.000204913,"1.1000000000000005":-0.0002046332,"1.1500000000000004":-0.0002043291,"1.2000000000000004":-0.0002040055,"1.2500000000000004":-0.0002035768,"1.3000000000000005":-0.0002032234,"1.3500000000000005":-0.0002026947,"1.4000000000000006":-0.0002022103,"1.4500000000000006":-0.0002016507,"1.5000000000000004":-0.0002009904,"1.5500000000000005":-0.0002002095,"1.6000000000000005":-0.0001993426,"1.6500000000000006":-0.0001984459,"1.7000000000000006":-0.0001972429,"1.7500000000000007":-0.0001959637,"1.8000000000000007":-0.0001945616,"1.8500000000000008":-0.0001930153,"1.9000000000000008":-0.0001912321,"1.9500000000000006":-0.0001892282,"2.0000000000000004":-0.0001871461,"2.0500000000000007":-0.0001847914,"2.100000000000001":-0.0001821985,"2.150000000000001":-0.0001793477,"2.2000000000000006":-0.000176302,"2.250000000000001":-0.0001730092,"2.3000000000000007":-0.0001694575,"2.350000000000001":-0.000165681,"2.400000000000001":-0.0001614986,"2.450000000000001":-0.0001570321,"2.500000000000001":-0.0001523146,"2.525924":0.0}}