{"0":{"0.1":-0.0003966496,"0.15000000000000002":-0.0003966025,"0.20000000000000004":-0.0003964326,"0.25000000000000006":-0.0003962438,"0.30000000000000004":-0.0003961949,"0.3500000000000001":-0.0003955006,"0.40000000000000013":-0.0003949032,"0.45000000000000007":-0.0003945676,"0.5000000000000001":-0.0003943646,"0.5500000000000002":-0.0003943534,"0.6000000000000002":-0.0003943713,"0.6500000000000001":-0.0003940105,"0.7000000000000002":-0.0003934987,"0.7500000000000002":-0.0003931162,"0.8000000000000002":-0.0003926617,"0.8500000000000002":-0.0003921053,"0.9000000000000002":-0.0003916641,"0.9500000000000003":-0.0003911386,"1.0000000000000004":-0.0003908808,"1.0500000000000003":-0.0003906919,"1.1000000000000005":-0.0003905309,"1.1500000000000004":-0.0003901903,"1.2000000000000004":-0.0003898118,"1.2500000000000004":-0.00038929,"1.3000000000000005":-0.0003887242,"1.3500000000000005":-0.0003881294,"1.4000000000000006":-0.0003878067,"1.4500000000000006":-0.0003873403,"1.5000000000000004":-0.0003868497,"1.5500000000000005":-0.0003862051,"1.6000000000000005":-0.0003855388,"1.6500000000000006":-0.0003847443,"1.7000000000000006":-0.0003837988,"1.7500000000000007":-0.0003825426,"1.8000000000000007":-0.0003811419,"1.8500000000000008":-0.0003795227,"1.9000000000000008":-0.0003779219,"1.9500000000000006":-0.0003760496,"2.0000000000000004":-0.0003740171,"2.0500000000000007":-0.0003716006,"2.100000000000001":-0.0003688245,"2.150000000000001":-0.0003659734,"2.2000000000000006":-0.0003626431,"2.250000000000001":-0.0003590345,"2.3000000000000007":-0.0003550112,"2.350000000000001":-0.0003507677,"2.400000000000001":-0.0003460268,"2.450000000000001":-0.0003409782,"2.500000000000001":-0.0003357142,"2.5500000000000007":-0.0003299023,"2.600000000000001":-0.0003238676,"2.650000000000001":-0.0003172586,"2.700000000000001":-0.0003103476,"2.750000000000001":-0.0003027574,"2.800000000000001":-0.0002948462,"2.850000000000001":-0.000286349,"2.900000000000001":-0.0002773301,"2.950000000000001":-0.0002677607,"3.000000000000001":-0.0002576266,"3.050000000000001":-0.0002466669,"3.100000000000001":-0.0002350859,"3.1500000000000012":-0.0002227083,"3.200000000000001":-0.0002094938,"3.2500000000000013":-0.0001953648,"3.300000000000001":-0.0001802813,"3.350000000000001":-0.0001640823,"3.4000000000000012":-0.0001467748,"3.450000000000001":-0.0001280729,"3.5000000000000013":-0.0001078684,"3.550000000000001":-0.0000857008,"3.6000000000000014":-0.0000608481,"3.6500000000000012":-0.000034064,"3.681489":0.0}}