{"0":{"0.1":-0.0002950693,"0.15000000000000002":-0.0002949871,"0.20000000000000004":-0.0002947884,"0.25000000000000006":-0.0002944985,"0.30000000000000004":-0.0002942168,"0.3500000000000001":-0.0002941159,"0.40000000000000013":-0.0002938104,"0.45000000000000007":-0.0002936874,"0.5000000000000001":-0.0002933957,"0.5500000000000002":-0.0002930172,"0.6000000000000002":-0.0002928082,"0.6500000000000001":-0.0002924122,"0.7000000000000002":-0.0002921204,"0.7500000000000002":-0.0002919399,"0.8000000000000002":-0.0002915925,"0.8500000000000002":-0.0002912029,"0.9000000000000002":-0.0002909657,"0.9500000000000003":-0.0002905939,"1.0000000000000004":-0.0002901508,"1.0500000000000003":-0.0002897746,"1.1000000000000005":-0.0002894606,"1.1500000000000004":-0.0002890017,"1.2000000000000004":-0.0002885502,"1.2500000000000004":-0.0002882346,"1.3000000000000005":-0.0002877818,"1.3500000000000005":-0.0002872768,"1.4000000000000006":-0.0002867352,"1.4500000000000006":-0.0002861233,"1.5000000000000004":-0.0002854026,"1.5500000000000005":-0.000284726,"1.6000000000000005":-0.0002839415,"1.6500000000000006":-0.0002828545,"1.7000000000000006":-0.0002819649,"1.7500000000000007":-0.0002806924,"1.8000000000000007":-0.0002793802,"1.8500000000000008":-0.0002777153,"1.9000000000000008":-0.0002759967,"1.9500000000000006":-0.0002739757,"2.0000000000000004":-0.0002716899,"2.0500000000000007":-0.0002691075,"2.100000000000001":-0.0002663216,"2.150000000000001":-0.0002633135,"2.2000000000000006":-0.0002599092,"2.250000000000001":-0.0002560965,"2.3000000000000007":-0.0002520982,"2.350000000000001":-0.0002477722,"2.400000000000001":-0.000243007,"2.450000000000001":-0.0002379055,"2.500000000000001":-0.0002324873,"2.5500000000000007":-0.0002267506,"2.600000000000001":-0.0002205496,"2.650000000000001":-0.000213947,"2.700000000000001":-0.0002069815,"2.750000000000001":-0.0001993674,"2.800000000000001":-0.0001914726,"2.850000000000001":-0.0001830041,"2.900000000000001":-0.0001740714,"2.950000000000001":-0.0001643578,"3.000000000000001":-0.000154095,"3.050000000000001":-0.0001431545,"3.100000000000001":-0.0001314781,"3.129378":0.0}}