{"0":{"0.1":-0.0002526817,"0.15000000000000002":-0.0002524395,"0.20000000000000004":-0.000252369,"0.25000000000000006":-0.0002521,"0.30000000000000004":-0.0002519255,"0.3500000000000001":-0.0002517432,"0.40000000000000013":-0.0002514438,"0.45000000000000007":-0.0002512352,"0.5000000000000001":-0.0002509368,"0.5500000000000002":-0.0002506949,"0.6000000000000002":-0.0002505374,"0.6500000000000001":-0.000250149,"0.7000000000000002":-0.0002498704,"0.7500000000000002":-0.0002496138,"0.8000000000000002":-0.0002492584,"0.8500000000000002":-0.0002489513,"0.9000000000000002":-0.0002486088,"0.9500000000000003":-0.000248271,"1.0000000000000004":-0.0002479014,"1.0500000000000003":-0.0002474967,"1.1000000000000005":-0.0002471468,"1.1500000000000004":-0.0002467914,"1.2000000000000004":-0.0002462925,"1.2500000000000004":-0.0002458897,"1.3000000000000005":-0.0002453238,"1.3500000000000005":-0.0002448078,"1.4000000000000006":-0.0002442404,"1.4500000000000006":-0.0002437028,"1.5000000000000004":-0.0002429588,"1.5500000000000005":-0.0002422028,"1.6000000000000005":-0.0002412416,"1.6500000000000006":-0.0002401924,"1.7000000000000006":-0.0002392079,"1.7500000000000007":-0.0002378892,"1.8000000000000007":-0.0002365464,"1.8500000000000008":-0.0002348077,"1.9000000000000008":-0.0002329226,"1.9500000000000006":-0.0002309684,"2.0000000000000004":-0.0002285368,"2.0500000000000007":-0.0002260093,"2.100000000000001":-0.0002232301,"2.150000000000001":-0.000220043,"2.2000000000000006":-0.0002165699,"2.250000000000001":-0.0002127714,"2.3000000000000007":-0.0002088847,"2.350000000000001":-0.0002044347,"2.400000000000001":-0.0001998138,"2.450000000000001":-0.0001947867,"2.500000000000001":-0.0001894394,"2.5500000000000007":-0.0001836139,"2.600000000000001":-0.0001774094,"2.650000000000001":-0.0001708101,"2.700000000000001":-0.0001639542,"2.750000000000001":-0.0001565131,"2.800000000000001":-0.0001484361,"2.850000000000001":-0.0001399958,"2.856773":0.0}}